franchise,title,lowest_ask
Samba,adidas Samba Jane Scarlet White Gum (Women's),$105
Samba,adidas Samba OG Cloud White Core Black,$62
Samba,adidas Samba OG Preloved Red Leopard (Women's),$109
Samba,adidas Samba OG Black White Gum,$61
Samba,adidas Samba OG Silver Metallic Cracked Leather (Women's),$79
Samba,adidas Samba OG Cream White Sand Strata (Women's),$66
Samba,adidas Samba OG Black Green Leopard (Women's),$83
Samba,adidas Samba OG Black Wonder White (Women's),$52
Samba,adidas Samba OG Cloud White Core Black (Women's),$63
Samba,adidas Samba OG Maroon Gold Metallic (Women's),$91
Samba,adidas Samba OG Night Navy Gum,$62
Samba,adidas Samba Jane White Black Gum (Women's),$92
Samba,adidas Samba Jane Black White Gum (Women's),$97
Samba,adidas Samba OG White Halo Blue Gum (Women's),$79
Samba,adidas Samba OG Wonder White Black Pony (Women's),$86
Samba,adidas Samba OG Cream White Cardboard,$90
Samba,adidas Samba XLG White Black Gum,$64
Samba,adidas Samba OG Cow Print (Women's),$144
Samba,adidas Samba OG Footwear White Green,$49
Samba,adidas Samba OG White Silver Metallic Grey (Women's),$67
Samba,adidas Samba OG Brown Putty Grey,$71
Samba,adidas Samba OG Earth Strata Wonder White,$66
Samba,adidas Samba Decon White Black Gum,$100
Samba,adidas Samba OG Preloved Ruby Cream White,$80
Samba,adidas Samba OG Cloud White Collegiate Green,$76
Samba,adidas Samba Nylon Wales Bonner Desert White,$125
Samba,adidas Samba Decon Black White Gum,$91
Samba,adidas Samba LT Cloud White Core Black,$46
Samba,adidas Samba OG White Better Scarlet,$58
Samba,adidas Samba LT Black White (Women's),$66
Samba,adidas Samba LT Cloud White Core Black Gum (Women's),$64
Samba,adidas Samba Nylon Wales Bonner Wonder Clay Royal,$139
Samba,adidas Samba XLG Denim,$72
Samba,adidas Samba OG Collegiate Green Gum Grey Toe,$63
Samba,adidas Samba OG Collegiate Green Cream White,$70
Samba,adidas Samba OG Cloud White Core Black (GS),$53
Samba,adidas Samba OG JJJJound Tobacco,$75
Samba,adidas Samba OG White Night Indigo Gum,$80
Samba,adidas Samba OG Liberty London Floral Embroidery (GS),$87
Samba,adidas Samba LT Core Black Cloud White,$55
Gazelle,adidas Gazelle Indoor Bad Bunny Cabo Rojo,$157
Gazelle,adidas Gazelle Indoor Bliss Pink Purple (Women's),$71
Gazelle,adidas Gazelle Indoor Bad Bunny,$160
Gazelle,adidas Gazelle Bold Pink Glow (Women's),$74
Gazelle,adidas Gazelle Indoor Better Scarlet,$68
Gazelle,adidas Gazelle Indoor Pink Velvet (Women's),$62
Gazelle,adidas Gazelle Bold Magic Beige Collegiate Green (Women's),$58
Gazelle,adidas Gazelle Core Black Cloud White Gold,$43
Gazelle,adidas Gazelle Indoor Blue Bird Cloud White,$70
Gazelle,adidas Gazelle Indoor Collegiate Green Cloud White Gum,$75
Gazelle,adidas Gazelle Bold Core Black White (Women's),$64
Gazelle,adidas Gazelle Indoor Craft Ochre Shadow Red Warm Sandstone,$81
Gazelle,adidas Gazelle Indoor Sandy Pink (Women's),$73
Gazelle,adidas Gazelle Bold True Pink (Women's),$61
Gazelle,adidas Gazelle Bold Grey White (Women's),$65
Gazelle,adidas Gazelle Indoor Liberty London Floral Embroidery Stripes (Women's),$115
Gazelle,adidas Gazelle Indoor Earth Strata Magic Beige,$87
Gazelle,adidas Gazelle Indoor Blue Fusion Gum (Women's),$73
Gazelle,adidas Gazelle Indoor Core Black,$66
Gazelle,adidas Gazelle Indoor Collegiate Green Lucid Pink (Women's),$59
Gazelle,adidas Gazelle Indoor Powder Yellow Royal Blue,$69
Gazelle,adidas Gazelle Crepe CLOT By Edison Chen Crew White,$96
Gazelle,adidas Gazelle Indoor Off White Focus Blue,$88
Gazelle,adidas Gazelle Indoor Liberty London Floral Embroidery (Women's),$130
Gazelle,adidas Gazelle Collegiate Burgundy White,$55
Gazelle,adidas Gazelle Indoor Cream White Preloved Teal,$255
Gazelle,adidas Gazelle Indoor Shadow Red Shadow Green,$56
Gazelle,adidas Gazelle Indoor Silver Metallic Core White,$105
Gazelle,adidas Gazelle Indoor Legend Ink Preloved Ruby,$83
Gazelle,adidas Gazelle Indoor Blue Semi Pink Spark (Women's),$73
Gazelle,adidas Gazelle Black White Gum,$46
Gazelle,adidas Gazelle Indoor Silver Pebble Silver Green,$76
Gazelle,adidas Gazelle Bold Mineral Green Velvet (Women's),$51
Gazelle,adidas Gazelle CLOT Halo Ivory,$145
Gazelle,adidas Gazelle Indoor Brown Velvet (Women's),$76
Gazelle,adidas Gazelle Wonder Taupe Night Indigo,$68
Gazelle,adidas Gazelle Inter Miami CF Third Kit,$86
Gazelle,adidas Gazelle Indoor Preloved Ink,$56
Gazelle,adidas Gazelle Navy White,$45
Gazelle,adidas Gazelle Indoor Clear Pink Lucid Blue (Women's),$60
SL72,adidas SL 72 OG Maroon Preloved Brown (Women's),$56
SL72,adidas SL 72 OG Leopard Print (Women's),$78
SL72,adidas SL 72 RS Blue Scarlet,$50
SL72,adidas SL 72 OG Silver Metallic Collegiate Navy (Women's),$89
SL72,adidas SL 72 PT Bright Royal White,$132
SL72,adidas Adizero SL 72 Bad Bunny Maroon,$98
SL72,adidas SL 72 OG Leopard Print Collegiate Green (Women's),$69
SL72,adidas SL 72 RS Shadow Red,$33
SL72,adidas SL 72 RS Preloved Brown,$116
SL72,adidas SL 72 RS White Black Spark,$48
SL72,adidas Adizero SL 72 Bad Bunny Blue,$112
SL72,adidas SL72 Solar Red Ice Lavender (Women's),$50
SL72,adidas SL 72 RS Preloved Green Grey Collegiate Green,$50
SL72,adidas SL 72 RS Preloved Red Core White,$65
SL72,adidas SL 72 RS Brown Putty Grey,$54
SL72,adidas SL 72 RS Chalk White Blue,$85
SL72,adidas SL 72 RS Semi Lucid Blue Pure Sulfur,$132
SL72,adidas SL 72 OG Better Scarlet Off White Dark Brown,$170
SL72,adidas SL 72 RS Bob Marley One Love,$84
SL72,adidas SL 72 RS Collegiate Green Core White,$60
SL72,adidas SL 72 OG Sporty & Rich Sweden (Women's),$74
SL72,adidas SL 72 OG Liberty London Better Scarlet (Women's),$140
SL72,adidas SL 72 RS Core Black Shadow Olive,$77
SL72,adidas SL 72 OG Off White Wonder Taupe Wonder White (Women's),$55
SL72,adidas SL 72 RS Night Indigo Cloud White Shadow Navy,$87
SL72,adidas SL 72 Spark Core Black,$56
SL72,adidas SL 72 OG Shadow Red Maroon Bright Gold (Women's),$78
SL72,adidas SL 72 OG Liberty London Collegiate Green (Women's),$71
SL72,adidas SL 72 RS Warm Sandstone Magic Beige,$64
SL72,adidas SL72 Blue Bright Red,$35
SL72,adidas SL 72 OG Charcoal Crystal Sand Brown (Women's),$78
SL72,adidas SL 72 RS Collegiate Orange Bright Blue,$85
SL72,adidas SL 72 RS Light Blue Better Scarlet,$53
SL72,adidas Adizero SL 72 Bad Bunny Off White,$100
SL72,adidas SL 72 OG Cow Print (Women's),$120
SL72,adidas SL 72 RS Utility Yellow Bright Royal,$70
SL72,adidas SL 72 RS Clear Sky Blue,$110
SL72,adidas SL 72 OG Sporty & Rich Sweden Alternate (Women's),$74
SL72,adidas SL 72 RS Green Yellow,$79
SL72,adidas SL 72 RTN Grey Crystal White Off White,$76
